Handle,Title,Status,Category,Has_Price_Change,Has_Variants_Added,Has_Variants_Removed,Needs_Review,Review_Reason
1-push-retractable-blade-compact-scraper,"Soft Grip Scraper, Push Button",active,"Vehicles & Parts > Vehicle Parts & Accessories > Vehicle Maintenance, Care & Decor > Vehicle Cleaning",Y,N,N,N,
10-x-3-bug-removal-brush,"BUG Block Brush- 3"" X 10""",active,"Vehicles & Parts > Vehicle Parts & Accessories > Vehicle Maintenance, Care & Decor > Vehicle Cleaning > Car Wash Brushes",Y,N,N,N,
11-microfiber-bonnet,"11"" Microfiber Bonnet",active,Hardware > Tool Accessories > Sanding Accessories > Sandpaper & Sanding Sponges > Polishing Pads,Y,Y,N,N,
11-terry-cloth-bonnet,"11"" Terry Cloth Bonnet",active,Hardware > Tool Accessories > Sanding Accessories > Sandpaper & Sanding Sponges > Polishing Pads,Y,N,N,N,
15-x-12-claw-vac-tool,1.5' X 12' Claw AC Tool - Orange,active,"Vehicles & Parts > Vehicle Parts & Accessories > Vehicle Maintenance, Care & Decor > Vehicle Cleaning",Y,N,N,N,
15-x-16-vinyl-crevice-tool,1.5x16' Vinyl Crevice Tool,active,"Vehicles & Parts > Vehicle Parts & Accessories > Vehicle Maintenance, Care & Decor > Vehicle Cleaning",Y,N,N,N,
15-yellow-30-pressure-washer-tip-14-quick-connect,"Yellow Pressure Wash TIP 15-degree, Size 30",active,Home & Garden > Lawn & Garden > Outdoor Power Equipment Accessories > Pressure Washer Accessories,Y,N,N,N,
16-oz-general-pump-oil,16 OZ. General Pump OIL,active,Home & Garden > Lawn & Garden > Outdoor Power Equipment Accessories > Pressure Washer Accessories,Y,N,N,N,
18-classic-y-bar-squeegee,18' Classic Ky-bar Squeegee,active,"Vehicles & Parts > Vehicle Parts & Accessories > Vehicle Maintenance, Care & Decor > Vehicle Cleaning",Y,N,N,N,
2-gallon-pump-sprayer,2 Gallon Pump Sprayer #190364,active,Home & Garden > Lawn & Garden > Gardening > Gardening Tools > Lawn & Garden Sprayers,Y,N,N,N,
25-green-30-pressure-washer-tip-14-quick-connect,"Green Pressure Wash TIP 25-degree, Size 30",active,Home & Garden > Lawn & Garden > Outdoor Power Equipment Accessories > Pressure Washer Accessories,Y,N,N,N,
3-backing-plate-with-14mm-threads,"3"" Velcro Backing Plate 14mm Thread",active,Hardware > Tools > Polishers & Buffers,Y,N,N,N,
3-backing-plate-with-5-8-threads,"3"" BACKING PLATE WITH 5/8 THREADS",active,Hardware > Tools > Polishers & Buffers,Y,N,N,N,
3-white-wool-2-pk,"3""- White Wool 2/pk",active,Hardware > Tool Accessories > Sanding Accessories > Sandpaper & Sanding Sponges > Polishing Pads,Y,N,N,N,
3-yellow-foam-2pk,"3""- Yellow Polish Foam 2/pk",active,Hardware > Tool Accessories > Sanding Accessories > Sandpaper & Sanding Sponges > Polishing Pads,Y,N,N,N,
3black-foam-2pk,"3""-black Finish Foam PAD 2/pk",active,Hardware > Tool Accessories > Sanding Accessories > Sandpaper & Sanding Sponges > Polishing Pads,Y,N,N,N,
4-tire-dressing-brush,"4""- Tire Dressing Brush",active,"Vehicles & Parts > Vehicle Parts & Accessories > Vehicle Maintenance, Care & Decor > Vehicle Cleaning > Car Wash Brushes",Y,N,N,N,
40-white-30-pressure-washer-tip-14-quick-connect,"White Pressure Wash TIP 40-degree, Size 30",active,Home & Garden > Lawn & Garden > Outdoor Power Equipment Accessories > Pressure Washer Accessories,Y,N,N,N,
5-5-micro-fibre-cutting-pad,"5.5"" MICRO FIBRE CUTTING PAD",draft,Hardware > Tool Accessories > Sanding Accessories > Sandpaper & Sanding Sponges > Polishing Pads,Y,N,N,N,
5-5-white-grip-pad,"5.5"" WHITE GRIP PAD",draft,Hardware > Tool Accessories > Sanding Accessories > Sandpaper & Sanding Sponges > Polishing Pads,Y,N,N,N,
5-5black-grip-pad,"5.5""BLACK GRIP PAD",draft,Hardware > Tool Accessories > Sanding Accessories > Sandpaper & Sanding Sponges > Polishing Pads,Y,N,N,N,
5-flex-edge-d-a-grip-backing-plate,"5"" FLEX EDGE D.A.GRIP BACKING PLATE",active,Hardware > Tools > Polishers & Buffers,Y,N,N,N,
5-gallon-cube-lid,5 GAL Cube Cap/lid,active,"Vehicles & Parts > Vehicle Parts & Accessories > Vehicle Maintenance, Care & Decor > Vehicle Cleaning",Y,N,N,N,
5-gallon-drum-pump,Plastic Pump,active,"Vehicles & Parts > Vehicle Parts & Accessories > Vehicle Maintenance, Care & Decor > Vehicle Cleaning",Y,N,N,N,
5-gallon-spout,5 GAL Cube Spouts,active,"Vehicles & Parts > Vehicle Parts & Accessories > Vehicle Maintenance, Care & Decor > Vehicle Cleaning",Y,N,N,N,
5-maxshine-pro-series-dual-action-backing-plate,"Maxshine 5"" Backing Plate",active,Hardware > Tools > Polishers & Buffers,Y,N,N,N,
5-uro-fiber-buff-pads,"5""- Uro-fiber Salt&pepper Microfiber PAD",active,Hardware > Tool Accessories > Sanding Accessories > Sandpaper & Sanding Sponges > Polishing Pads,Y,N,N,N,
55-gallon-drum-pump,Plastic Drum Pump,active,"Vehicles & Parts > Vehicle Parts & Accessories > Vehicle Maintenance, Care & Decor > Vehicle Cleaning",Y,N,N,N,
55-micro-fibre-finishing-pad,"5""- Black Finish Microfiber PAD",active,Hardware > Tool Accessories > Sanding Accessories > Sandpaper & Sanding Sponges > Polishing Pads,Y,N,N,N,
6-5-blue-soft-polishing-foam-pad,"6.5"" BLUE SOFT POLISHING FOAM PAD",active,Hardware > Tool Accessories > Sanding Accessories > Sandpaper & Sanding Sponges > Polishing Pads,Y,N,N,N,
6-5-green-polishing-foam-pad,"6.5"" GREEN POLISHING FOAM PAD",active,Hardware > Tool Accessories > Sanding Accessories > Sandpaper & Sanding Sponges > Polishing Pads,Y,N,N,N,
6-5-micro-fibre-cutting-pad,"6.5"" MICRO FIBRE CUTTING PAD",active,Hardware > Tool Accessories > Sanding Accessories > Sandpaper & Sanding Sponges > Polishing Pads,Y,N,N,N,
6-5-yellow-med-cutting-foam-pad,"6.5"" YELLOW MED CUTTING FOAM PAD",active,Hardware > Tool Accessories > Sanding Accessories > Sandpaper & Sanding Sponges > Polishing Pads,Y,N,N,N,
6-5black-grip-pad,"6.5""BLACK GRIP PAD",active,Hardware > Tool Accessories > Sanding Accessories > Sandpaper & Sanding Sponges > Polishing Pads,Y,N,N,N,
6-flex-edge-d-a-grip-backing-plate,"6"" FLEX EDGE D.A.GRIP BACKING PLATE",active,Hardware > Tools > Polishers & Buffers,Y,N,N,N,
6-microfiber-polishing-bonnet,"6"" Microfiber Bonnet",active,Hardware > Tool Accessories > Sanding Accessories > Sandpaper & Sanding Sponges > Polishing Pads,Y,N,N,N,
6-uro-fiber-buff-pads,"6""- Uro-fiber Salt&pepper Microfiber PAD",active,Hardware > Tool Accessories > Sanding Accessories > Sandpaper & Sanding Sponges > Polishing Pads,Y,N,N,N,
6-velcro-backing-plate,"6"" J-hook 658y Backing Plate With 5/8""-11 Threads, Rigid & Flexible, FOR Rotary Polisher, Female",active,Hardware > Tools > Polishers & Buffers,Y,N,N,N,
6-white-wool-pad,"6""- White Wool CUT PAD",active,Hardware > Tool Accessories > Sanding Accessories > Sandpaper & Sanding Sponges > Polishing Pads,Y,N,N,N,
65-micro-fibre-finishing-pad,"6""- Uro-fiber Black Microfiber Finish PAD",active,Hardware > Tool Accessories > Sanding Accessories > Sandpaper & Sanding Sponges > Polishing Pads,Y,N,N,N,
7-5-white-wool-pad-1-5-pile,"7.5"" WHITE WOOL PAD 1.5"" PILE",draft,Hardware > Tool Accessories > Sanding Accessories > Sandpaper & Sanding Sponges > Polishing Pads,Y,N,N,N,
7-5-yellow-wool-pad-1-5-pile,"7.5"" YELLOW  WOOL PAD 1.5"" PILE",active,Hardware > Tool Accessories > Sanding Accessories > Sandpaper & Sanding Sponges > Polishing Pads,Y,N,N,N,
7-ridgid-grip-backing-plate,"7"" Velcro Backing Plate",active,Hardware > Tools > Polishers & Buffers,Y,N,N,N,
8-black-foam-waffle-recessed,"9""- Black Waffle Foam PAD Single",active,Hardware > Tool Accessories > Sanding Accessories > Sandpaper & Sanding Sponges > Polishing Pads,Y,N,N,N,
8-black-waffle-flat-2-pk,"9""- Black Waffle Foam PAD 2/pk",active,Hardware > Tool Accessories > Sanding Accessories > Sandpaper & Sanding Sponges > Polishing Pads,Y,N,N,N,
8-white-foam-waffle-recessed,"9""- White Waffle Foam CUT PAD Single",active,Hardware > Tool Accessories > Sanding Accessories > Sandpaper & Sanding Sponges > Polishing Pads,Y,N,N,N,
8-white-waffle-flat-2-pk,"9""- White Waffle Foam PAD 2/pk",active,Hardware > Tool Accessories > Sanding Accessories > Sandpaper & Sanding Sponges > Polishing Pads,Y,N,N,N,
9-black-foam-pad-80-ppi,"9""- Black Soft Foam Finish PAD",active,Hardware > Tool Accessories > Sanding Accessories > Sandpaper & Sanding Sponges > Polishing Pads,Y,N,N,N,
9-blue-foam-pad-70-ppi,"9""- Blue Soft Foam Polishing PAD",active,Hardware > Tool Accessories > Sanding Accessories > Sandpaper & Sanding Sponges > Polishing Pads,Y,N,N,N,
9-green-foam-pad-60-ppi,"9""- Green Soft Foam Medium CUT PAD",active,Hardware > Tool Accessories > Sanding Accessories > Sandpaper & Sanding Sponges > Polishing Pads,Y,N,N,N,
9-microfiber-polishing-bonnet,"9"" Microfiber Bonnet",active,Hardware > Tool Accessories > Sanding Accessories > Sandpaper & Sanding Sponges > Polishing Pads,Y,N,N,N,
9-white-foam-pad-90-ppi,"9""- White Finish Foam PAD",active,Hardware > Tool Accessories > Sanding Accessories > Sandpaper & Sanding Sponges > Polishing Pads,Y,N,N,N,
9-yellow-foam-pad-50-ppi,"9""- Yellow Soft Foam Cutting PAD",active,Hardware > Tool Accessories > Sanding Accessories > Sandpaper & Sanding Sponges > Polishing Pads,Y,N,N,N,
ac-sanitizer-fogger,A/C SANITIZER FOGGER,active,Home & Garden > Household Supplies > Household Cleaning Supplies > Household Cleaning Products > Household Disinfectants,Y,N,N,N,
air-gun-with-4-rubber-tip,AIR Spray GUN With Rubber TIP 4' Nozzle,active,Home & Garden > Lawn & Garden > Gardening > Gardening Tools > Lawn & Garden Sprayers,Y,N,N,N,
air-spray-gun,Spray GUN,active,Home & Garden > Lawn & Garden > Gardening > Gardening Tools > Lawn & Garden Sprayers,Y,N,N,N,
alcohol,Alcohol,active,Home & Garden > Household Supplies > Household Cleaning Supplies > Household Cleaning Products > Glass & Surface Cleaners > Multi-surface Cleaners,Y,N,N,N,
alcohol-5-gallon,Alcohol 5 Gallon,active,"Hardware > Building Consumables > Solvents, Strippers & Thinners > Solvents",Y,N,N,N,
all-purpose-scraper,8' Inspection Sticker Scraper,active,"Vehicles & Parts > Vehicle Parts & Accessories > Vehicle Maintenance, Care & Decor > Vehicle Cleaning",Y,N,N,N,
baby-powder-concentrate,Baby Powder,active,"Vehicles & Parts > Vehicle Parts & Accessories > Vehicle Maintenance, Care & Decor > Vehicle Decor > Vehicle Air Fresheners",Y,N,N,N,
baby-powder-wafers,Baby Powder 60 CT BAG,active,"Vehicles & Parts > Vehicle Parts & Accessories > Vehicle Maintenance, Care & Decor > Vehicle Decor > Vehicle Air Fresheners",Y,N,N,N,
banana-wax,Banana WAX,active,Uncategorized,N,Y,N,N,
bi-level-truck-brush-blue-nylon,Bi-level Truck Brush Blue Nylon,active,"Vehicles & Parts > Vehicle Parts & Accessories > Vehicle Maintenance, Care & Decor > Vehicle Cleaning > Car Wash Brushes",Y,N,N,N,
bi-level-truck-brush-green-nylon,Bi-level Truck Brush Green Nylon,active,"Vehicles & Parts > Vehicle Parts & Accessories > Vehicle Maintenance, Care & Decor > Vehicle Cleaning > Car Wash Brushes",Y,N,N,N,
black-detail-brush,"1.5""- Black Detail Brush",active,"Vehicles & Parts > Vehicle Parts & Accessories > Vehicle Maintenance, Care & Decor > Vehicle Cleaning > Car Wash Brushes",Y,N,N,N,
black-nylon-brush,Black Nylon Brush,active,"Vehicles & Parts > Vehicle Parts & Accessories > Vehicle Maintenance, Care & Decor > Vehicle Cleaning > Car Wash Brushes",N,N,N,N,
black-paint,Spray Paint - Gloss Black,active,"Hardware > Building Consumables > Solvents, Strippers & Thinners > Solvents",Y,N,N,N,
black-trim-paint,Spray Paint- Black Trim,active,"Hardware > Building Consumables > Solvents, Strippers & Thinners > Solvents",Y,N,N,N,
bleach,Bleach,active,Home & Garden > Household Supplies > Laundry Supplies > Bleach,N,Y,N,N,
blizzard,Blizzard,active,Uncategorized,Y,Y,N,N,
blue-detailing-clay-bar-fine,Clay Blue- Fine,active,"Vehicles & Parts > Vehicle Parts & Accessories > Vehicle Maintenance, Care & Decor > Vehicle Cleaning > Car Wash Solutions",Y,N,N,N,
blue-thunder,Blue Thunder,active,Uncategorized,N,Y,N,N,
brass-wire-whitewall-sidewall-tire-brush,BRASS WIRE WHITEWALL/SIDEWALL TIRE BRUSH,draft,"Vehicles & Parts > Vehicle Parts & Accessories > Vehicle Maintenance, Care & Decor > Vehicle Cleaning > Car Wash Brushes",Y,N,N,N,
breakthrough,Breakthrough,active,Uncategorized,Y,Y,N,N,
buffer-extender-bolt,Buffer Extension Bolt,active,"Vehicles & Parts > Vehicle Parts & Accessories > Vehicle Maintenance, Care & Decor > Vehicle Cleaning",Y,N,N,N,
bug-net-sponge-3-x-5,"Mesh BUG Sponge 1X, 3""x5""",active,Home & Garden > Household Supplies > Household Cleaning Supplies > Shop Towels & General-Purpose Cleaning Cloths,Y,N,N,N,
bug-net-sponge-4-x-7,"Mesh BUG Sponge- 4"" X 7""",active,Home & Garden > Household Supplies > Household Cleaning Supplies > Shop Towels & General-Purpose Cleaning Cloths,Y,N,N,N,
bug-remover,BUG Remover,active,"Vehicles & Parts > Vehicle Parts & Accessories > Vehicle Maintenance, Care & Decor > Vehicle Cleaning > Car Wash Solutions",N,Y,N,N,
bumper-coat,Bumper Coat,active,Uncategorized,Y,Y,N,N,
california-orange-concentrate,California Orange,active,"Vehicles & Parts > Vehicle Parts & Accessories > Vehicle Maintenance, Care & Decor > Vehicle Decor > Vehicle Air Fresheners",Y,N,N,N,
california-orange-wafers,California Orange 60ct BAG,active,"Vehicles & Parts > Vehicle Parts & Accessories > Vehicle Maintenance, Care & Decor > Vehicle Decor > Vehicle Air Fresheners",Y,N,N,N,
capret-upholstery-5-wood-block-rotary-buffer-scrub-brush,"5""- Rotary Hi-speed Carpet Brush",active,"Vehicles & Parts > Vehicle Parts & Accessories > Vehicle Maintenance, Care & Decor > Vehicle Cleaning > Car Wash Brushes",Y,N,N,N,
car-wash-mitt-spun-gold,Wool Wash Mitt,active,Home & Garden > Household Supplies > Household Cleaning Supplies > Shop Towels & General-Purpose Cleaning Cloths,Y,N,N,N,
car-wash-mop-bonnet,Wash MOP Bonnet,active,Home & Garden > Household Supplies > Household Cleaning Supplies > Shop Towels & General-Purpose Cleaning Cloths,Y,N,N,N,
car-wash-mop-head,Wash MOP Head,active,Home & Garden > Household Supplies > Household Cleaning Supplies > Shop Towels & General-Purpose Cleaning Cloths,Y,N,N,N,
carpet-spotter,Carpet Spotter RCP,active,"Vehicles & Parts > Vehicle Parts & Accessories > Vehicle Maintenance, Care & Decor > Vehicle Cleaning > Vehicle Carpet & Upholstery Cleaners",Y,N,N,N,
ceramic-boost,Ceramic Boost,active,"Vehicles & Parts > Vehicle Parts & Accessories > Vehicle Maintenance, Care & Decor > Vehicle Cleaning > Vehicle Waxes, Polishes & Protectants > Sealants",Y,Y,Y,N,
cherry-wax,Cherry WAX,active,"Vehicles & Parts > Vehicle Parts & Accessories > Vehicle Maintenance, Care & Decor > Vehicle Cleaning > Vehicle Waxes, Polishes & Protectants > Car Wax",N,Y,N,N,
citrus-punch,Citrus Punch,active,Uncategorized,Y,Y,N,N,
citrus-solv,Citrus Solv,active,"Hardware > Building Consumables > Solvents, Strippers & Thinners > Solvents",Y,Y,N,N,
clear-acid,Clear Acid,active,"Vehicles & Parts > Vehicle Parts & Accessories > Vehicle Maintenance, Care & Decor > Vehicle Cleaning > Car Wash Solutions > Wheel Cleaners",Y,Y,Y,N,
clear-low-ph-presoak-tunnel-wash,Clear LOW PH,active,"Vehicles & Parts > Vehicle Parts & Accessories > Vehicle Maintenance, Care & Decor > Vehicle Cleaning > Car Wash Solutions",N,Y,N,N,
competition-finish,Competition Finish,active,"Vehicles & Parts > Vehicle Parts & Accessories > Vehicle Maintenance, Care & Decor > Vehicle Cleaning > Vehicle Waxes, Polishes & Protectants > Car Wax",N,Y,N,N,
convertible-top-horse-hair-brush-6,Convertible TOP Horsehair Brush,active,"Vehicles & Parts > Vehicle Parts & Accessories > Vehicle Maintenance, Care & Decor > Vehicle Cleaning > Car Wash Brushes",Y,N,N,N,
cool-breeze-concentrate,Cool Breeze,active,"Vehicles & Parts > Vehicle Parts & Accessories > Vehicle Maintenance, Care & Decor > Vehicle Decor > Vehicle Air Fresheners",Y,N,N,N,
cool-breeze-wafers,Cool Breeze 60 CT BAG,active,"Vehicles & Parts > Vehicle Parts & Accessories > Vehicle Maintenance, Care & Decor > Vehicle Decor > Vehicle Air Fresheners",Y,N,N,N,
cube-cap-wrench,Cube CAP Wrench,active,"Vehicles & Parts > Vehicle Parts & Accessories > Vehicle Maintenance, Care & Decor > Vehicle Cleaning",Y,N,N,N,
cucumber-melon-concentrate,Cucumber Melon,active,"Vehicles & Parts > Vehicle Parts & Accessories > Vehicle Maintenance, Care & Decor > Vehicle Decor > Vehicle Air Fresheners",Y,N,N,N,
cutting-blue-wool-pads,"6""- Blue Wool Cutting PAD",active,Hardware > Tool Accessories > Sanding Accessories > Sandpaper & Sanding Sponges > Polishing Pads,Y,N,N,N,
deck-wash,Deck Wash,active,Uncategorized,Y,N,N,N,
degreaser,DEGREASER,active,Home & Garden > Household Supplies > Household Cleaning Supplies > Household Cleaning Products > All-Purpose Cleaners,Y,N,N,N,
direct-drill-mount-5-scrub-brush,"5""- Drill Mount Rotary Brush",active,"Vehicles & Parts > Vehicle Parts & Accessories > Vehicle Maintenance, Care & Decor > Vehicle Cleaning > Car Wash Brushes",Y,N,N,N,
double-sided-yellow-wool-pad,"9""- Yellow Double Sided Yellow Wool PAD",active,Hardware > Tool Accessories > Sanding Accessories > Sandpaper & Sanding Sponges > Polishing Pads,N,N,N,N,
drum-wrench,Drum Wrench,active,"Vehicles & Parts > Vehicle Parts & Accessories > Vehicle Maintenance, Care & Decor > Vehicle Cleaning",N,N,N,N,
dual-end-detail-brush,Dual END Detail Brush,active,"Vehicles & Parts > Vehicle Parts & Accessories > Vehicle Maintenance, Care & Decor > Vehicle Cleaning > Car Wash Brushes",Y,N,N,N,
e-z-one,Ez-one Carnauba Spray WAX,active,"Vehicles & Parts > Vehicle Parts & Accessories > Vehicle Maintenance, Care & Decor > Vehicle Cleaning > Vehicle Waxes, Polishes & Protectants > Car Wax",N,Y,N,N,
extractor-solution,Extractor Solution,active,Home & Garden > Household Supplies > Household Cleaning Supplies > Household Cleaning Products > Carpet Cleaners,N,Y,N,N,
fabric-cleaner,Fabric Cleaner Aerosol,active,"Vehicles & Parts > Vehicle Parts & Accessories > Vehicle Maintenance, Care & Decor > Vehicle Cleaning > Vehicle Carpet & Upholstery Cleaners",Y,N,N,N,
fast-wax,Fast WAX,active,"Vehicles & Parts > Vehicle Parts & Accessories > Vehicle Maintenance, Care & Decor > Vehicle Cleaning > Vehicle Waxes, Polishes & Protectants > Car Wax",Y,Y,N,N,
final-finish,Final Finish Spray WAX,active,"Vehicles & Parts > Vehicle Parts & Accessories > Vehicle Maintenance, Care & Decor > Vehicle Cleaning > Vehicle Waxes, Polishes & Protectants > Car Wax",N,Y,N,N,
fleet-wash,Fleet Wash,active,Uncategorized,N,Y,N,N,
fresh-n-clean-concentrate,Fresh N' Clean,active,"Vehicles & Parts > Vehicle Parts & Accessories > Vehicle Maintenance, Care & Decor > Vehicle Decor > Vehicle Air Fresheners",Y,N,N,N,
fresh-n-clean-wafers,Fresh N' Clean 60 CT BAG,active,"Vehicles & Parts > Vehicle Parts & Accessories > Vehicle Maintenance, Care & Decor > Vehicle Decor > Vehicle Air Fresheners",Y,N,N,N,
fresh-n-up,Fresh N UP,active,"Vehicles & Parts > Vehicle Parts & Accessories > Vehicle Maintenance, Care & Decor > Vehicle Cleaning > Vehicle Waxes, Polishes & Protectants > Car Wax",N,Y,N,N,
glass-cleaner-aerosol,Glass Cleaner Aerosol,active,"Vehicles & Parts > Vehicle Parts & Accessories > Vehicle Maintenance, Care & Decor > Vehicle Cleaning > Vehicle Glass Cleaners",Y,N,N,N,
glass-cleaner-concentrate,Glass Cleaner Concentrate Pink,active,Home & Garden > Household Supplies > Household Cleaning Supplies > Household Cleaning Products > Glass & Surface Cleaners > Glass Cleaners,N,Y,N,N,
glass-cleaner-rtu,Glass Cleaner RTU Pink,active,Uncategorized,N,Y,N,N,
green-apple-concentrate,Green Apple,active,"Vehicles & Parts > Vehicle Parts & Accessories > Vehicle Maintenance, Care & Decor > Vehicle Decor > Vehicle Air Fresheners",Y,N,N,N,
green-apple-wafers,Green Apple 60 CT BAG,active,"Vehicles & Parts > Vehicle Parts & Accessories > Vehicle Maintenance, Care & Decor > Vehicle Decor > Vehicle Air Fresheners",Y,N,N,N,
gutter-wash,Gutter Wash,active,Uncategorized,N,N,N,N,
hand-soap,Magic RCP Hand Soap 3.55l,active,Home & Garden > Household Supplies > Household Cleaning Supplies > Household Cleaning Products > All-Purpose Cleaners,Y,N,Y,N,
hand-soap-dispenser,Magic Hand Soap Dispenser 2.5,active,"Vehicles & Parts > Vehicle Parts & Accessories > Vehicle Maintenance, Care & Decor > Vehicle Cleaning",Y,N,N,N,
heavy-cut-blue-microfiber-pad,"3""- Blue Microfiber Heavy Cutting",active,Hardware > Tool Accessories > Sanding Accessories > Sandpaper & Sanding Sponges > Polishing Pads,Y,N,N,N,
heavy-duty-double-thick-paintbrush-style-detail-brush,"1.5""- Yellow Detail Brush",active,"Vehicles & Parts > Vehicle Parts & Accessories > Vehicle Maintenance, Care & Decor > Vehicle Cleaning > Car Wash Brushes",Y,N,N,N,
heavy-duty-floor-mat-wall-clamp,MAT Hanger Clamps,active,"Vehicles & Parts > Vehicle Parts & Accessories > Vehicle Maintenance, Care & Decor > Vehicle Cleaning",Y,N,N,N,
house-wash,House Wash,active,Home & Garden > Household Supplies > Household Cleaning Supplies > Household Cleaning Products > Glass & Surface Cleaners > Multi-surface Cleaners,Y,N,N,N,
huck-window-towels,Window Towels - Blue/green 10# BAG,active,Home & Garden > Household Supplies > Household Cleaning Supplies > Shop Towels & General-Purpose Cleaning Cloths,Y,N,N,N,
hull-cleaner,Hull Cleaner,active,Vehicles & Parts > Vehicle Parts & Accessories > Watercraft Parts & Accessories > Watercraft Care > Watercraft Cleaners,Y,Y,Y,N,
hydrocharge,Hydrocharge,active,"Vehicles & Parts > Vehicle Parts & Accessories > Vehicle Maintenance, Care & Decor > Vehicle Cleaning > Vehicle Waxes, Polishes & Protectants > Sealants",N,N,Y,N,
ik-e-foam-pro-12,IK Foam PRO 12,active,Home & Garden > Lawn & Garden > Gardening > Gardening Tools > Lawn & Garden Sprayers,Y,N,N,N,
ik-foam-pro-2,IK Foam PRO 2L,active,Home & Garden > Lawn & Garden > Gardening > Gardening Tools > Lawn & Garden Sprayers,Y,N,N,N,
ik-hc-15,IK HC 1.5,active,Home & Garden > Lawn & Garden > Gardening > Gardening Tools > Lawn & Garden Sprayers,N,N,N,Y,Variant counts don't map cleanly (1 current vs 2 new) - manual size mapping needed
ik-hc-tr-1,IK HC TR 1,active,Home & Garden > Lawn & Garden > Gardening > Gardening Tools > Lawn & Garden Sprayers,Y,N,N,N,
ik-multi-12,IK Multi PRO 12,active,Home & Garden > Lawn & Garden > Gardening > Gardening Tools > Lawn & Garden Sprayers,Y,N,N,N,
ik-multi-pro-2-360º,IK Multi PRO 2L,active,Home & Garden > Lawn & Garden > Gardening > Gardening Tools > Lawn & Garden Sprayers,Y,N,N,N,
ik-multi-tr-1,IK Multi TR 1,active,Home & Garden > Lawn & Garden > Gardening > Gardening Tools > Lawn & Garden Sprayers,Y,N,N,N,
ik-multi-tr-1-360,IK Multi TR 1-360,active,Home & Garden > Lawn & Garden > Gardening > Gardening Tools > Lawn & Garden Sprayers,Y,N,N,N,
impressive,Impressive Compound,active,nan,N,Y,N,N,
industrial-garden-hose-nozzle,Water Hose Nozzle/sprayer,active,Home & Garden > Lawn & Garden > Gardening > Gardening Tools > Lawn & Garden Sprayers,Y,N,N,N,
interior-detailer,Interior Detailer Aerosol,active,"Vehicles & Parts > Vehicle Parts & Accessories > Vehicle Maintenance, Care & Decor > Vehicle Cleaning > Vehicle Carpet & Upholstery Cleaners",Y,N,N,N,
interior-shampoo,Interior Shampoo,active,nan,N,Y,N,N,
kannonball,Kannonball,active,"Vehicles & Parts > Vehicle Parts & Accessories > Vehicle Maintenance, Care & Decor > Vehicle Cleaning > Car Wash Solutions > Car Shampoo",N,Y,N,N,
kleen-krush,Kleen Krush,active,Home & Garden > Household Supplies > Household Cleaning Supplies > Household Cleaning Products > All-Purpose Cleaners,N,Y,N,N,
koc-86-multi-surface-guard,Koc-86 Guard,active,Home & Garden > Household Supplies > Household Cleaning Supplies > Household Cleaning Products > Household Disinfectants,Y,N,N,N,
kopperhead,Kopperhead,active,"Vehicles & Parts > Vehicle Parts & Accessories > Vehicle Maintenance, Care & Decor > Vehicle Cleaning > Car Wash Solutions > Wheel Cleaners",Y,Y,Y,N,
krazy-sudz,Krazy Suds,active,"Vehicles & Parts > Vehicle Parts & Accessories > Vehicle Maintenance, Care & Decor > Vehicle Cleaning > Car Wash Solutions > Car Shampoo",N,Y,N,N,
lacquer-thinner,Lacquer Thinner,active,Uncategorized,N,Y,Y,N,
large-spoke-wheel-brush-16-5,"LARGE SPOKE WHEEL BRUSH 16.5""",active,"Vehicles & Parts > Vehicle Parts & Accessories > Vehicle Maintenance, Care & Decor > Vehicle Cleaning > Car Wash Brushes",Y,N,N,N,
large-stripped-wax-applicator,Jumbo Stripped Applicator Wp-str2,active,Home & Garden > Household Supplies > Household Cleaning Supplies > Shop Towels & General-Purpose Cleaning Cloths,Y,N,N,N,
large-vent-brush,Large Vent Brush,active,"Vehicles & Parts > Vehicle Parts & Accessories > Vehicle Maintenance, Care & Decor > Vehicle Cleaning > Car Wash Brushes",N,N,N,N,
leather-vinyl-conditioner,Leather AND Vinyl Conditioner,active,nan,N,Y,N,N,
long-reach-scraper,Screwdriver Style Long Reach Scraper,active,"Vehicles & Parts > Vehicle Parts & Accessories > Vehicle Maintenance, Care & Decor > Vehicle Cleaning",N,N,N,N,
magna-rock-pet-hair-lint-remover,PET Hair Rock,active,"Vehicles & Parts > Vehicle Parts & Accessories > Vehicle Maintenance, Care & Decor > Vehicle Cleaning",Y,N,N,N,
mango-tango-concentrate,Mango Tango,active,"Vehicles & Parts > Vehicle Parts & Accessories > Vehicle Maintenance, Care & Decor > Vehicle Decor > Vehicle Air Fresheners",Y,N,N,N,
mango-tango-wafers,Mango Tango 60 CT BAG,active,"Vehicles & Parts > Vehicle Parts & Accessories > Vehicle Maintenance, Care & Decor > Vehicle Decor > Vehicle Air Fresheners",Y,N,N,N,
matte-detailer,Matte Detailer,active,Uncategorized,N,Y,N,N,
matte-shampoo,MATTE SHAMPOO,draft,"Vehicles & Parts > Vehicle Parts & Accessories > Vehicle Maintenance, Care & Decor > Vehicle Cleaning > Car Wash Solutions > Car Shampoo",Y,N,N,N,
maxshine-detailing-clay-bar-3pcs-pack-white,MAXSHINE DETAILING CLAY BAR - 3PCS/PACK WHITE,active,"Vehicles & Parts > Vehicle Parts & Accessories > Vehicle Maintenance, Care & Decor > Vehicle Cleaning > Car Wash Solutions",Y,N,N,N,
maxshine-detailing-clay-bar-3pcspack-purple,Clay Purple- Medium,active,"Vehicles & Parts > Vehicle Parts & Accessories > Vehicle Maintenance, Care & Decor > Vehicle Cleaning > Car Wash Solutions",Y,N,N,N,
maxshine-machine-polisher-wall-holder-double-station,Maxshine H02 Machine Polisher Wall Holder Double,active,"Vehicles & Parts > Vehicle Parts & Accessories > Vehicle Maintenance, Care & Decor > Vehicle Cleaning",N,N,N,N,
maxshine-microfiber-wash-mitt,Maxshine Microfiber Wash Mitt,active,Home & Garden > Household Supplies > Household Cleaning Supplies > Shop Towels & General-Purpose Cleaning Cloths,Y,N,N,N,
medallion,Medallion,active,nan,N,N,N,N,
medium-cut-maroon-foam-pad,"5""- Maroon Foam Medium Cutting PAD",active,Hardware > Tool Accessories > Sanding Accessories > Sandpaper & Sanding Sponges > Polishing Pads,Y,N,N,N,
microfiber-towel-cleaner,Microfiber Towel Cleaner,active,Uncategorized,N,Y,N,N,
microfiber-towels-36pk,Blue Microfiber Towels 36 PK,active,Home & Garden > Household Supplies > Household Cleaning Supplies > Shop Towels & General-Purpose Cleaning Cloths,Y,N,N,N,
mini-surface-prep-pad,Mini Sysop Surface Prep PAD,active,"Vehicles & Parts > Vehicle Parts & Accessories > Vehicle Maintenance, Care & Decor > Vehicle Cleaning > Car Wash Solutions",N,N,N,N,
miracle-cut,Miracle CUT,active,nan,N,Y,N,N,
new-car-scent-concentrate,NEW CAR,active,"Vehicles & Parts > Vehicle Parts & Accessories > Vehicle Maintenance, Care & Decor > Vehicle Decor > Vehicle Air Fresheners",Y,N,N,N,
new-car-scent-wafers,NEW CAR 60 CT BAG,active,"Vehicles & Parts > Vehicle Parts & Accessories > Vehicle Maintenance, Care & Decor > Vehicle Decor > Vehicle Air Fresheners",Y,N,N,N,
new-car-solvent,NEW CAR Solvent,active,nan,N,Y,N,N,
new-leather-concentrate,NEW Leather,active,"Vehicles & Parts > Vehicle Parts & Accessories > Vehicle Maintenance, Care & Decor > Vehicle Decor > Vehicle Air Fresheners",Y,N,N,N,
nitrile-gloves-black,X-large Viper Nitrile Black 100/box,active,"Vehicles & Parts > Vehicle Parts & Accessories > Vehicle Maintenance, Care & Decor > Vehicle Cleaning",Y,N,N,N,
nylon-detail-brush,Toothbrush - Plastic,active,"Vehicles & Parts > Vehicle Parts & Accessories > Vehicle Maintenance, Care & Decor > Vehicle Cleaning > Car Wash Brushes",Y,N,N,N,
oj-the-juice,"OJ ""The Juice""",active,"Vehicles & Parts > Vehicle Parts & Accessories > Vehicle Maintenance, Care & Decor > Vehicle Cleaning > Vehicle Waxes, Polishes & Protectants > Protectants",Y,N,Y,N,
one,One- 3 IN 1,active,"Vehicles & Parts > Vehicle Parts & Accessories > Vehicle Maintenance, Care & Decor > Vehicle Cleaning > Vehicle Waxes, Polishes & Protectants > Polishes",Y,N,N,N,
one-step-dark-blue-foam-pad,"6""- Dark Blue Foam ONE Step PAD",active,Hardware > Tool Accessories > Sanding Accessories > Sandpaper & Sanding Sponges > Polishing Pads,Y,N,N,N,
one-step-polishing-yellow-microfiber-pad,"5""- Yellow Microfiber ONE Step Polishing PAD",active,Hardware > Tool Accessories > Sanding Accessories > Sandpaper & Sanding Sponges > Polishing Pads,Y,N,N,N,
perfect-euro,Perfect Euro,active,nan,N,Y,N,N,
pina-colada-concentrate,Pina Colada,active,"Vehicles & Parts > Vehicle Parts & Accessories > Vehicle Maintenance, Care & Decor > Vehicle Decor > Vehicle Air Fresheners",Y,Y,N,N,
pina-colada-wafers,Pina Colada 60 CT BAG,active,"Vehicles & Parts > Vehicle Parts & Accessories > Vehicle Maintenance, Care & Decor > Vehicle Decor > Vehicle Air Fresheners",Y,N,N,N,
plastic-multipurpose-scraper-12-pack,Plastic Multi-purpose Scraper,active,"Vehicles & Parts > Vehicle Parts & Accessories > Vehicle Maintenance, Care & Decor > Vehicle Cleaning",Y,N,N,N,
pot-brush-blue-stiff-bristle-20,"20""- POT Brush Blue, Stiff Bristle",active,"Vehicles & Parts > Vehicle Parts & Accessories > Vehicle Maintenance, Care & Decor > Vehicle Cleaning > Car Wash Brushes",Y,N,N,N,
pot-brush-blue-stiff-bristle-9,"8.5''- POT Brush Blue, Stiff Bristle",active,"Vehicles & Parts > Vehicle Parts & Accessories > Vehicle Maintenance, Care & Decor > Vehicle Cleaning > Car Wash Brushes",Y,N,N,N,
pot-brush-clear-9,"8.5"" POT Brush Clear Bristle",active,"Vehicles & Parts > Vehicle Parts & Accessories > Vehicle Maintenance, Care & Decor > Vehicle Cleaning > Car Wash Brushes",Y,N,N,N,
pot-brush-green-flagged-20,"20"" Fender Brush Green",active,"Vehicles & Parts > Vehicle Parts & Accessories > Vehicle Maintenance, Care & Decor > Vehicle Cleaning > Car Wash Brushes",Y,N,N,N,
pot-brush-green-flagged-9,"8.5"" Fender Brush Green",active,"Vehicles & Parts > Vehicle Parts & Accessories > Vehicle Maintenance, Care & Decor > Vehicle Cleaning > Car Wash Brushes",Y,N,N,N,
pot-brush-horse-hair-9,"Horse Hair Brush, Salt & Pepper",active,"Vehicles & Parts > Vehicle Parts & Accessories > Vehicle Maintenance, Care & Decor > Vehicle Cleaning > Car Wash Brushes",Y,N,N,N,
pot-brush-red-9,RED Upholstery Brush,active,"Vehicles & Parts > Vehicle Parts & Accessories > Vehicle Maintenance, Care & Decor > Vehicle Cleaning > Car Wash Brushes",Y,N,N,N,
power-kleen,Power Kleen,active,Uncategorized,N,Y,N,N,
premier-shine,Premier Shine,active,"Vehicles & Parts > Vehicle Parts & Accessories > Vehicle Maintenance, Care & Decor > Vehicle Cleaning > Vehicle Waxes, Polishes & Protectants > Protectants",Y,Y,N,N,
pressure-pro-heavy-duty-pressure-washer-1500-psi-110-volt-electric,110 V Electric Pressure Washer 1500 PSI 2.0 GM,active,Home & Garden > Lawn & Garden > Gardening > Gardening Tools > Lawn & Garden Sprayers,Y,N,N,N,
pressure-washer-foam-canon,Pressure Washer Foam Cannon,active,Home & Garden > Lawn & Garden > Gardening > Gardening Tools > Lawn & Garden Sprayers,Y,N,N,N,
prime-time,Prime Time,active,Uncategorized,Y,Y,N,N,
protect,Protect,active,nan,N,Y,Y,N,
protect-rv,Blue Protect,draft,nan,N,N,N,N,
protective-seat-cover,Seat Cover 250pk,active,"Vehicles & Parts > Vehicle Parts & Accessories > Vehicle Maintenance, Care & Decor > Vehicle Cleaning > Vehicle Carpet & Upholstery Cleaners",Y,N,N,N,
protein-stain-remover,Protein Stain Remover,active,Uncategorized,N,Y,N,N,
pure-finish-protect,Pure Finish,active,Uncategorized,N,N,N,N,
pure-polish-clear,Pure Polish,active,nan,N,N,N,N,
quick-change-plug-1-4-female,"QUICK CHANGE PLUG 1/4"" FEMALE",draft,Home & Garden > Lawn & Garden > Outdoor Power Equipment Accessories > Pressure Washer Accessories,Y,N,N,N,
quick-change-plug-1-4-male,"QUICK CHANGE PLUG 1/4"" MALE",draft,Home & Garden > Lawn & Garden > Outdoor Power Equipment Accessories > Pressure Washer Accessories,Y,N,N,N,
quick-change-plug-3-8-female,"QUICK CHANGE PLUG 3/8"" FEMALE",draft,Home & Garden > Lawn & Garden > Outdoor Power Equipment Accessories > Pressure Washer Accessories,Y,N,N,N,
quick-change-plug-3-8-male,"QUICK CHANGE PLUG 3/8"" MALE",draft,Home & Garden > Lawn & Garden > Outdoor Power Equipment Accessories > Pressure Washer Accessories,Y,N,N,N,
quick-change-socket-1-4-female,"QUICK CHANGE SOCKET 1/4"" FEMALE",draft,Home & Garden > Lawn & Garden > Outdoor Power Equipment Accessories > Pressure Washer Accessories,Y,N,N,N,
quick-change-socket-1-4-male,"QUICK CHANGE SOCKET 1/4"" MALE",draft,Home & Garden > Lawn & Garden > Outdoor Power Equipment Accessories > Pressure Washer Accessories,Y,N,N,N,
quick-change-socket-3-8-female,"QUICK CHANGE SOCKET 3/8"" FEMALE",draft,Home & Garden > Lawn & Garden > Outdoor Power Equipment Accessories > Pressure Washer Accessories,Y,N,N,N,
quick-change-socket-3-8-male,"QUICK CHANGE SOCKET 3/8"" MALE",draft,Home & Garden > Lawn & Garden > Outdoor Power Equipment Accessories > Pressure Washer Accessories,Y,N,N,N,
radiance,Radiance Aerosol,active,"Vehicles & Parts > Vehicle Parts & Accessories > Vehicle Maintenance, Care & Decor > Vehicle Cleaning > Vehicle Waxes, Polishes & Protectants > Car Wax",Y,N,N,N,
radiance-fabric-protection,Radiance Fabric Protectant,active,"Vehicles & Parts > Vehicle Parts & Accessories > Vehicle Maintenance, Care & Decor > Vehicle Cleaning > Vehicle Carpet & Upholstery Cleaners",N,N,N,Y,Variant counts don't map cleanly (1 current vs 4 new) - manual size mapping needed
radiance-ice-kit,Radiance ICE KIT,active,"Vehicles & Parts > Vehicle Parts & Accessories > Vehicle Maintenance, Care & Decor > Vehicle Cleaning > Vehicle Waxes, Polishes & Protectants > Sealants",Y,N,N,N,
radiance-non-silicone-instant-shine,Body Shop Safe Radiance RCP,draft,"Vehicles & Parts > Vehicle Parts & Accessories > Vehicle Maintenance, Care & Decor > Vehicle Cleaning > Vehicle Waxes, Polishes & Protectants > Protectants",Y,N,N,N,
rcp-spray-bottles-32-oz,Natural Spray Bottle,active,Home & Garden > Lawn & Garden > Gardening > Gardening Tools > Lawn & Garden Sprayers,Y,N,N,N,
rcp-wax-bottles,WAX Bottle 10 OZ 38-400 Neck,active,"Vehicles & Parts > Vehicle Parts & Accessories > Vehicle Maintenance, Care & Decor > Vehicle Cleaning",Y,N,N,N,
react,React Ceramic Soap,active,"Vehicles & Parts > Vehicle Parts & Accessories > Vehicle Maintenance, Care & Decor > Vehicle Cleaning > Car Wash Solutions > Car Shampoo",Y,Y,N,N,
reclaim-safe,Reclaim Safe,active,Home & Garden > Household Supplies > Household Cleaning Supplies > Household Cleaning Products > All-Purpose Cleaners,Y,Y,N,N,
red-detail-brush,"1.5""- RED Detail Brush Short Bristle",active,"Vehicles & Parts > Vehicle Parts & Accessories > Vehicle Maintenance, Care & Decor > Vehicle Cleaning > Car Wash Brushes",Y,N,N,N,
red-detailing-clay-bar-medium,Clay Red- Medium,active,"Vehicles & Parts > Vehicle Parts & Accessories > Vehicle Maintenance, Care & Decor > Vehicle Cleaning > Car Wash Solutions",Y,N,N,N,
repel,Repel,active,"Vehicles & Parts > Vehicle Parts & Accessories > Vehicle Maintenance, Care & Decor > Vehicle Cleaning > Vehicle Glass Cleaners",Y,Y,N,N,
respirator-masks,50 PK Dust/paint Mask,active,"Vehicles & Parts > Vehicle Parts & Accessories > Vehicle Maintenance, Care & Decor > Vehicle Cleaning",Y,N,N,N,
round-microfiber-wax-applicator,App: WAX Applicator Microfiber - Round,active,Home & Garden > Household Supplies > Household Cleaning Supplies > Shop Towels & General-Purpose Cleaning Cloths,Y,N,N,N,
round-terry-blue-wax-applicator,Round Terry Applicators,active,Home & Garden > Household Supplies > Household Cleaning Supplies > Shop Towels & General-Purpose Cleaning Cloths,Y,N,N,N,
rush,Rush Polish & WAX,active,Uncategorized,N,N,N,N,
safety-glasses,AC: Safety Glasses,active,"Vehicles & Parts > Vehicle Parts & Accessories > Vehicle Maintenance, Care & Decor > Vehicle Cleaning",Y,N,N,N,
sapphire-ice-concentrate,Sapphire ICE,active,"Vehicles & Parts > Vehicle Parts & Accessories > Vehicle Maintenance, Care & Decor > Vehicle Decor > Vehicle Air Fresheners",Y,N,N,N,
sapphire-ice-scent-wafers,Sapphire ICE 60 CT BAG,active,"Vehicles & Parts > Vehicle Parts & Accessories > Vehicle Maintenance, Care & Decor > Vehicle Decor > Vehicle Air Fresheners",Y,N,N,N,
scotch-brite-white,"Scotch Brite White 10pk- 6"" X 9""",active,"Vehicles & Parts > Vehicle Parts & Accessories > Vehicle Maintenance, Care & Decor > Vehicle Cleaning",N,N,N,N,
single-edge-9-razor-blades-1oopack,Razor Blades Hi-tec #9,active,"Vehicles & Parts > Vehicle Parts & Accessories > Vehicle Maintenance, Care & Decor > Vehicle Cleaning",Y,N,N,N,
small-stripped-wax-applicators,Small Stripped Applicator Wp-str1,active,Home & Garden > Household Supplies > Household Cleaning Supplies > Shop Towels & General-Purpose Cleaning Cloths,N,N,N,N,
small-vent-brush,Small Vent Brush,active,"Vehicles & Parts > Vehicle Parts & Accessories > Vehicle Maintenance, Care & Decor > Vehicle Cleaning > Car Wash Brushes",Y,N,N,N,
sparkle,Sparkle,active,"Vehicles & Parts > Vehicle Parts & Accessories > Vehicle Maintenance, Care & Decor > Vehicle Cleaning > Car Wash Solutions > Wheel Cleaners",N,Y,N,N,
sprayer,SPRAYER,active,Home & Garden > Lawn & Garden > Gardening > Gardening Tools > Lawn & Garden Sprayers,Y,N,N,N,
square-microfiber-wax-applicator,Square Microfiber Applicator,active,Home & Garden > Household Supplies > Household Cleaning Supplies > Shop Towels & General-Purpose Cleaning Cloths,Y,N,N,N,
stainless-steel-detail-toothbrush,Toothbrush - Stainless Steel,active,"Vehicles & Parts > Vehicle Parts & Accessories > Vehicle Maintenance, Care & Decor > Vehicle Cleaning > Car Wash Brushes",Y,N,N,N,
steel-wool-12pk,Steel Wool 12pk- Grade #00,active,Home & Garden > Household Supplies > Household Cleaning Supplies > Shop Towels & General-Purpose Cleaning Cloths,Y,N,N,N,
steel-wool-5lb-reel,(72005) Steel Wool Roll - Grade #00,active,"Vehicles & Parts > Vehicle Parts & Accessories > Vehicle Maintenance, Care & Decor > Vehicle Cleaning",Y,N,N,N,
strawberry-concentrate,Strawberry,active,"Vehicles & Parts > Vehicle Parts & Accessories > Vehicle Maintenance, Care & Decor > Vehicle Decor > Vehicle Air Fresheners",Y,N,N,N,
strawberry-scent-wafers,Strawberry 60 CT BAG,active,"Vehicles & Parts > Vehicle Parts & Accessories > Vehicle Maintenance, Care & Decor > Vehicle Decor > Vehicle Air Fresheners",Y,N,N,N,
sunshine-foaming-wax,Sunshine Protectant,active,nan,N,Y,N,N,
super-cut-marine,Super CUT,active,nan,N,Y,N,N,
swirl-remover,Swirl Remover,active,nan,N,Y,N,N,
terry-towels,10 LB BOX Terry Towels,active,Home & Garden > Household Supplies > Household Cleaning Supplies > Shop Towels & General-Purpose Cleaning Cloths,Y,N,N,N,
texas-super-blue,Texas Super Blue,active,"Vehicles & Parts > Vehicle Parts & Accessories > Vehicle Maintenance, Care & Decor > Vehicle Cleaning > Vehicle Waxes, Polishes & Protectants > Protectants",Y,Y,N,N,
tidal-wave,Tidal Wave,active,nan,N,Y,N,N,
tint-remover,Tint Remover,active,nan,N,Y,N,N,
tire-dressing-applicator-crescent,Tire Dressing Applicator - Large Crescent,active,Home & Garden > Household Supplies > Household Cleaning Supplies > Shop Towels & General-Purpose Cleaning Cloths,Y,N,N,N,
tornador-black-tool,Tornador Black Tool,active,"Vehicles & Parts > Vehicle Parts & Accessories > Vehicle Maintenance, Care & Decor > Vehicle Cleaning",Y,N,N,N,
tornador-blow-gun,Tornador Blow Gun,active,"Vehicles & Parts > Vehicle Parts & Accessories > Vehicle Maintenance, Care & Decor > Vehicle Cleaning",Y,N,N,N,
tornador-repair-kit-tube-and-weighted-straw,Tornador Repair KIT,active,"Vehicles & Parts > Vehicle Parts & Accessories > Vehicle Maintenance, Care & Decor > Vehicle Cleaning",Y,N,N,N,
tornador-repair-kit-weighted-straw,Tornador Weighted Tube Assembly,active,"Vehicles & Parts > Vehicle Parts & Accessories > Vehicle Maintenance, Care & Decor > Vehicle Cleaning",Y,N,N,N,
tornador-tool,Tornado Tool,active,"Vehicles & Parts > Vehicle Parts & Accessories > Vehicle Maintenance, Care & Decor > Vehicle Cleaning",N,N,N,N,
triple-foam-polish-tunnel-wash,Triple Foam Yellow,active,nan,N,Y,N,N,
truck-brush-10-green-nylon,"10""- Truck Brush Green",active,"Vehicles & Parts > Vehicle Parts & Accessories > Vehicle Maintenance, Care & Decor > Vehicle Cleaning > Car Wash Brushes",Y,N,N,N,
truck-wash,Truck Wash,active,Uncategorized,Y,Y,N,N,
truck-wash-pole-5,5'- Truck Wash Pole,active,"Vehicles & Parts > Vehicle Parts & Accessories > Vehicle Maintenance, Care & Decor > Vehicle Cleaning",Y,N,N,N,
truck-wash-pole-extendable-4-8,Extendable Pole 4-8 FT,active,"Vehicles & Parts > Vehicle Parts & Accessories > Vehicle Maintenance, Care & Decor > Vehicle Cleaning",Y,N,N,N,
ultra-101-revive,Ultra 101 Compound,active,Uncategorized,N,N,N,N,
uro-tec-3-blue-foam-buff-pad-2-pk,"3""- Uro-tec Blue Heavy CUT Foam PAD 2/pk",active,Hardware > Tool Accessories > Sanding Accessories > Sandpaper & Sanding Sponges > Polishing Pads,Y,N,N,N,
uro-tec-3-yellow-foam-buff-pad-2-pk,"3""- Uro-tec Yellow Foam Polish Pad..2/pk",active,Hardware > Tool Accessories > Sanding Accessories > Sandpaper & Sanding Sponges > Polishing Pads,Y,N,N,N,
uro-tec-5-blue-foam-buff-pad,"5""- Uro-tec Blue Heavy CUT Foam PAD",active,Hardware > Tool Accessories > Sanding Accessories > Sandpaper & Sanding Sponges > Polishing Pads,Y,N,N,N,
uro-tec-5-red-foam-buff-pad,"5""- Uro-tec Burgundy MED CUT Foam PAD",active,Hardware > Tool Accessories > Sanding Accessories > Sandpaper & Sanding Sponges > Polishing Pads,Y,N,N,N,
uro-tec-5-white-foam-buff-pad,"5""- Uro-tec White Finish Foam PAD",active,Hardware > Tool Accessories > Sanding Accessories > Sandpaper & Sanding Sponges > Polishing Pads,Y,N,N,N,
uro-tec-5-yellow-foam-buff-pad,"5""- Uro-tec Yellow Polish Foam PAD",active,Hardware > Tool Accessories > Sanding Accessories > Sandpaper & Sanding Sponges > Polishing Pads,Y,N,N,N,
uro-tec-6-yellow-foam-buff-pad,"6""- Uro-tec Yellow Foam Polish PAD",active,Hardware > Tool Accessories > Sanding Accessories > Sandpaper & Sanding Sponges > Polishing Pads,Y,N,N,N,
uro-tec-dark-blue-heavy-polishing-3-2pk,"3""- Uro-tec Blueberry Heavy Polish Foam PAD 2/pk",active,Hardware > Tool Accessories > Sanding Accessories > Sandpaper & Sanding Sponges > Polishing Pads,Y,N,N,N,
uro-tec-dark-blue-heavy-polishing-6,"5""- Uro-tec Blueberry Heavy Polish Foam PAD",active,Hardware > Tool Accessories > Sanding Accessories > Sandpaper & Sanding Sponges > Polishing Pads,Y,N,N,N,
vaccum-pet-hair-removal-tool,Fur-eel PET Hair Tool,active,"Vehicles & Parts > Vehicle Parts & Accessories > Vehicle Maintenance, Care & Decor > Vehicle Cleaning",Y,N,N,N,
vacuum-hose-kit,Vacuum Hose KIT,active,"Vehicles & Parts > Vehicle Parts & Accessories > Vehicle Maintenance, Care & Decor > Vehicle Cleaning",Y,N,N,N,
vanilla-twist-concentrate,Vanilla Twist,active,"Vehicles & Parts > Vehicle Parts & Accessories > Vehicle Maintenance, Care & Decor > Vehicle Decor > Vehicle Air Fresheners",Y,N,N,N,
vanish,Vanish,active,Home & Garden > Household Supplies > Household Cleaning Supplies > Household Cleaning Products > All-Purpose Cleaners,N,Y,N,N,
wash-bucket-dirt-grate,Bucket Grate,active,"Vehicles & Parts > Vehicle Parts & Accessories > Vehicle Maintenance, Care & Decor > Vehicle Cleaning",Y,N,N,N,
wash-n-gloss,Wash N Gloss,active,Uncategorized,Y,Y,Y,N,
water-spot-remover,Water Spot Remover,active,"Vehicles & Parts > Vehicle Parts & Accessories > Vehicle Maintenance, Care & Decor > Vehicle Cleaning > Car Wash Solutions",N,N,N,Y,Variant counts don't map cleanly (1 current vs 7 new) - manual size mapping needed
water-sprite-drying-towel,Water Sprite Chamois,active,Home & Garden > Household Supplies > Household Cleaning Supplies > Shop Towels & General-Purpose Cleaning Cloths,Y,N,N,N,
wax-bottle-tops,RED TIP TOP FOR WAX Bottle,active,"Vehicles & Parts > Vehicle Parts & Accessories > Vehicle Maintenance, Care & Decor > Vehicle Cleaning",Y,N,N,N,
weather-shield-tunnel-wash,Weather Shield,active,nan,N,Y,N,N,
white-bug-net-sponge-3-5-x-5-5,"WHITE BUG NET SPONGE 3.5"" X 5.5""",active,Home & Garden > Household Supplies > Household Cleaning Supplies > Shop Towels & General-Purpose Cleaning Cloths,Y,N,N,N,
white-double-sided-wool-pad-802n,"9""- White Double Sided Wool PAD",active,Hardware > Tool Accessories > Sanding Accessories > Sandpaper & Sanding Sponges > Polishing Pads,N,N,N,N,
white-finishing-foam-buff-pads,"3""- White Foam Finishing PAD",active,Hardware > Tool Accessories > Sanding Accessories > Sandpaper & Sanding Sponges > Polishing Pads,Y,N,N,N,
white-grip-pad,"6""- White Finish Foam PAD",active,Hardware > Tool Accessories > Sanding Accessories > Sandpaper & Sanding Sponges > Polishing Pads,Y,N,N,N,
white-lightning,White Lightning,active,"Vehicles & Parts > Vehicle Parts & Accessories > Vehicle Maintenance, Care & Decor > Vehicle Cleaning > Vehicle Waxes, Polishes & Protectants > Protectants",Y,Y,Y,N,
white-nylon-brush,White Nylon Brush,active,"Vehicles & Parts > Vehicle Parts & Accessories > Vehicle Maintenance, Care & Decor > Vehicle Cleaning > Car Wash Brushes",Y,N,N,N,
wild-cherry-concentrate,Wild Cherry,active,"Vehicles & Parts > Vehicle Parts & Accessories > Vehicle Maintenance, Care & Decor > Vehicle Decor > Vehicle Air Fresheners",Y,N,N,N,
wild-cherry-wafers,Wild Cherry 60 CT BAG,active,"Vehicles & Parts > Vehicle Parts & Accessories > Vehicle Maintenance, Care & Decor > Vehicle Decor > Vehicle Air Fresheners",Y,N,N,N,
windshield-wash,Windshield Washer Fluid RTU,active,Uncategorized,N,Y,N,N,
wipeout-odor-eliminator-system,Wipe OUT Odor Eliminator,active,"Vehicles & Parts > Vehicle Parts & Accessories > Vehicle Maintenance, Care & Decor > Vehicle Decor > Vehicle Air Fresheners",Y,N,N,N,
wool-buffing-pad-cleaning-spur,Spur Cleaning Tool,active,"Vehicles & Parts > Vehicle Parts & Accessories > Vehicle Maintenance, Care & Decor > Vehicle Cleaning",Y,N,N,N,
deluxe-air-blow-gun-4,"DELUXE AIR BLOW GUN 4""",active,"Vehicles & Parts > Vehicle Parts & Accessories > Vehicle Maintenance, Care & Decor > Vehicle Cleaning",N,N,N,Y,"Possible rename match to new item(s): DELUXE AIR BLOW GUN 10"" (similarity 0.93)"
microfiber-towels-36-pk,MICROFIBER TOWELS - 36/pk,active,Home & Garden > Household Supplies > Household Cleaning Supplies > Shop Towels & General-Purpose Cleaning Cloths,N,N,N,Y,Possible rename match to new item(s): GREEN MICROFIBER TOWELS 36 PK (similarity 0.885)
microfiber-towels-36-pk,MICROFIBER TOWELS - 36/pk,active,Home & Garden > Household Supplies > Household Cleaning Supplies > Shop Towels & General-Purpose Cleaning Cloths,N,N,N,Y,Possible rename match to new item(s): ORANGE MICROFIBER TOWELS 36 PK (similarity 0.868)
microfiber-towels-36-pk,MICROFIBER TOWELS - 36/pk,active,Home & Garden > Household Supplies > Household Cleaning Supplies > Shop Towels & General-Purpose Cleaning Cloths,N,N,N,Y,Possible rename match to new item(s): YELLOW MICROFIBER TOWELS 36 PK (similarity 0.868)
pressure-washer-hose-100,PRESSURE WASHER HOSE 100',active,Home & Garden > Lawn & Garden > Outdoor Power Equipment Accessories > Pressure Washer Accessories,N,N,N,Y,"Possible rename match to new item(s): PRESSURE WASHER HOSE 4000 PSI- 50FT, PRESSURE WASHER HOSE 4000 PSI- 100FT (similarity 0.868)"
yellow-foam-polishing-buff-pads,Yellow Foam Polishing Buff Pads,active,Hardware > Tool Accessories > Sanding Accessories > Sandpaper & Sanding Sponges > Polishing Pads,N,N,N,Y,"Possible rename match to new item(s): 3""- YELLOW FOAM POLISHING PAD (similarity 0.862)"
yellow-foam-polishing-buff-pads,Yellow Foam Polishing Buff Pads,active,Hardware > Tool Accessories > Sanding Accessories > Sandpaper & Sanding Sponges > Polishing Pads,N,N,N,Y,"Possible rename match to new item(s): 5""- YELLOW FOAM POLISHING PAD (similarity 0.862)"
yellow-foam-polishing-buff-pads,Yellow Foam Polishing Buff Pads,active,Hardware > Tool Accessories > Sanding Accessories > Sandpaper & Sanding Sponges > Polishing Pads,N,N,N,Y,"Possible rename match to new item(s): 6""- YELLOW FOAM POLISHING PAD (similarity 0.862)"
55black-grip-pad,"5""- Black Finish Foam PAD",active,Hardware > Tool Accessories > Sanding Accessories > Sandpaper & Sanding Sponges > Polishing Pads,N,N,N,Y,"Possible rename match to new item(s): 5""- URO-TEC BLACK FINISH FOAM PAD (similarity 0.852)"
maxshine-low-pressure-foam-gun,MAXSHINE LOW PRESSURE FOAM GUN,active,Home & Garden > Lawn & Garden > Gardening > Gardening Tools > Lawn & Garden Sprayers,N,N,N,Y,Possible rename match to new item(s): LOW PRESSURE FOAM GUN (similarity 0.824)
pressure-washer-gun,PRESSURE WASHER GUN,active,Home & Garden > Lawn & Garden > Outdoor Power Equipment Accessories > Pressure Washer Accessories,N,N,N,Y,Possible rename match to new item(s): PRESSURE WASHER REEL- 50 FT (similarity 0.821)
55black-grip-pad,"5""- Black Finish Foam PAD",active,Hardware > Tool Accessories > Sanding Accessories > Sandpaper & Sanding Sponges > Polishing Pads,N,N,N,Y,"Possible rename match to new item(s): 5""- BLACK FINISH EDGE GUARD FOAM PAD (similarity 0.807)"
villa-1000-ozone-machine,VILLA 1000 OZONE MACHINE,active,"Vehicles & Parts > Vehicle Parts & Accessories > Vehicle Maintenance, Care & Decor > Vehicle Cleaning",N,N,N,Y,Possible rename match to new item(s): ODORFREE VILLA 3000 OZONE MACHINE (similarity 0.807)
5-flex-edge-dagrip-backing-plate,"5""- Male Backing Plate",active,"Vehicles & Parts > Vehicle Parts & Accessories > Vehicle Maintenance, Care & Decor > Vehicle Cleaning",N,N,N,Y,"Possible rename match to new item(s): 6"" BACKING PLATE (similarity 0.8)"
