Handle,Title,Change_Type,Description,SKU_or_MPN,Price
kannonball,Kannonball,Added,KANNONBALL- 16 OZ,3200-16,9.99
kannonball,Kannonball,Added,KANNONBALL- 32 OZ,3200-32,15.99
kannonball,Kannonball,Added,KANNONBALL- 15 GAL,3215,154.99
kannonball,Kannonball,Added,KANNONBALL- 30 GAL,3230,361.99
kannonball,Kannonball,Added,KANNONBALL- 250 GAL,3255-T250,2499.99
impressive,Impressive Compound,Added,IMPRESSIVE COMPOUND- 1 GAL,75,145.99
microfiber-towel-cleaner,Microfiber Towel Cleaner,Added,MICROFIBER TOWEL CLEANER- 16 OZ,1700-16,7.99
microfiber-towel-cleaner,Microfiber Towel Cleaner,Added,MICROFIBER TOWEL CLEANER- 32 OZ,1700-32,12.99
microfiber-towel-cleaner,Microfiber Towel Cleaner,Added,MICROFIBER TOWEL CLEANER- 1 GAL,-1701,19.99
microfiber-towel-cleaner,Microfiber Towel Cleaner,Added,MICROFIBER TOWEL CLEANER- 30 GAL,1730,296.99
microfiber-towel-cleaner,Microfiber Towel Cleaner,Added,MICROFIBER TOWEL CLEANER- 55 GAL,1755,472.99
reclaim-safe,Reclaim Safe,Added,RECLAIM SAFE- 16 OZ,RCP-RCS-0016,7.99
reclaim-safe,Reclaim Safe,Added,RECLAIM SAFE- 32 OZ,RCP-RCS-0032,11.99
reclaim-safe,Reclaim Safe,Added,RECLAIM SAFE- 5 GAL,RCP-RCS-05,79.99
reclaim-safe,Reclaim Safe,Added,RECLAIM SAFE- 55 GAL,RCP-RCS-55,499.99
breakthrough,Breakthrough,Added,BREAKTHROUGH - 16 OZ,2400-16,18.99
breakthrough,Breakthrough,Added,BREAKTHROUGH- 30 GAL,2430,1000.99
breakthrough,Breakthrough,Added,BREAKTHROUGH - 55 GAL,2455,1899.99
breakthrough,Breakthrough,Added,BREAKTHROUGH- 250 GAL,2455-T,9999.99
tint-remover,Tint Remover,Added,TINT REMOVER- 16 OZ,8400-16,8.99
tint-remover,Tint Remover,Added,TINT REMOVER- 32 OZ,8400-32,14.99
tint-remover,Tint Remover,Added,TINT REMOVER- 55 GAL,8455,499.99
swirl-remover,Swirl Remover,Added,SWIRL REMOVER- 32 OZ,7232,19.99
banana-wax,Banana WAX,Added,BANANA WAX- 32 OZ,6232,22.99
ceramic-boost,Ceramic Boost,Added,CERAMIC BOOST- 16 OZ,RA1000-16,12.99
ceramic-boost,Ceramic Boost,Added,CERAMIC BOOST- 32 OZ,RA1000-32,24.99
ceramic-boost,Ceramic Boost,Added,CERAMIC BOOST- 30 GAL,RA1030,659.99
ceramic-boost,Ceramic Boost,Added,CERAMIC BOOST- 55 GAL,RA1055,774.99
ceramic-boost,Ceramic Boost,Added,CERAMIC BOOST- 250 GAL,RA1055-T250,1999.99
fresh-n-up,Fresh N UP,Added,FRESH N UP- 16 OZ,6600-16,7.99
fresh-n-up,Fresh N UP,Added,FRESH N UP- 32 OZ,6600-32,12.99
fresh-n-up,Fresh N UP,Added,FRESH N UP- 55 GAL,6655,388.99
kleen-krush,Kleen Krush,Added,KLEEN KRUSH- 16 OZ,1100-16,8.99
kleen-krush,Kleen Krush,Added,KLEEN KRUSH- 32 OZ,1100-32,12.99
kleen-krush,Kleen Krush,Added,KLEEN KRUSH- 15 GAL,1115,175
kleen-krush,Kleen Krush,Added,KLEEN KRUSH- 30 GAL,1130,224.99
kleen-krush,Kleen Krush,Added,KLEEN KRUSH - 250 GAL,1155-T250,1801.99
white-lightning,White Lightning,Added,WHITE LIGHTNING- 16 OZ,4200-16,11.99
white-lightning,White Lightning,Added,WHITE LIGHTNING- 30 GAL,4230,489.99
lacquer-thinner,Lacquer Thinner,Added,LACQUER THINNER - 5 GAL,5005,86.99
final-finish,Final Finish Spray WAX,Added,FINAL FINISH SPRAY WAX - 16 OZ,6800-16,7.99
final-finish,Final Finish Spray WAX,Added,FINAL FINISH SPRAY WAX - 32 OZ,6800-32,14.99
final-finish,Final Finish Spray WAX,Added,FINAL FINISH SPRAY WAX - 15 GAL,6815,281.99
final-finish,Final Finish Spray WAX,Added,FINAL FINISH SPRAY WAX - 30 GAL,6830,464.99
final-finish,Final Finish Spray WAX,Added,FINAL FINISH SPRAY WAX - 55 GAL,6855,773.99
super-cut-marine,Super CUT,Added,SUPER CUT- 32 OZ,8132,24.99
cherry-wax,Cherry WAX,Added,CHERRY WAX - 32 OZ,6332,22.99
clear-low-ph-presoak-tunnel-wash,Clear LOW PH,Added,CLEAR LOW PH - 32 OZ,32100-32,9.99
clear-low-ph-presoak-tunnel-wash,Clear LOW PH,Added,CLEAR LOW PH - 1 GAL,32101,16.99
clear-low-ph-presoak-tunnel-wash,Clear LOW PH,Added,CLEAR LOW PH- 15 GAL,32115,262.99
clear-low-ph-presoak-tunnel-wash,Clear LOW PH,Added,CLEAR LOW PH - 30 GAL,32130,479.99
clear-low-ph-presoak-tunnel-wash,Clear LOW PH,Added,CLEAR LOW PH - 55 GAL,32155,799.99
react,React Ceramic Soap,Added,REACT CERAMIC SOAP- 32 OZ,RA3400-32,17.99
react,React Ceramic Soap,Added,REACT CERAMIC SOAP- 30 GAL,RA3430,499.99
react,React Ceramic Soap,Added,REACT CERAMIC SOAP- 55 GAL,RA3455,823.99
perfect-euro,Perfect Euro,Added,PERFECT EURO- 32 OZ,7132,27.99
extractor-solution,Extractor Solution,Added,EXTRACTOR SOLUTION- 16 OZ,1500-16,8.99
extractor-solution,Extractor Solution,Added,EXTRACTOR SOLUTION- 32 OZ,1500-32,14.99
extractor-solution,Extractor Solution,Added,EXTRACTOR SOLUTION- 55 GAL,1555,584.99
pina-colada-concentrate,Pina Colada,Added,PINA COLADA- 30 GAL,7230PINA,299.99
bug-remover,BUG Remover,Added,BUG REMOVER- 16OZ,RCP-BR-0016,8.99
bug-remover,BUG Remover,Added,BUG REMOVER- 32 OZ,RCP-BR-0032,12.99
bug-remover,BUG Remover,Added,BUG REMOVER- 15 GAL,RCP-BR-15,249.99
bug-remover,BUG Remover,Added,BUG REMOVER- 55 GAL,RCP-BR-55,299.99
new-car-solvent,NEW CAR Solvent,Added,NEW CAR SOLVENT- 16 OZ,5100-16,8.99
new-car-solvent,NEW CAR Solvent,Added,NEW CAR SOLVENT- 30 GAL,5130,599.99
repel,Repel,Added,REPEL- 32 OZ,8200-32,14.99
repel,Repel,Added,REPEL- 30 GAL,8230,199.99
clear-acid,Clear Acid,Added,CLEAR ACID- 16 OZ,2200-16,7.99
clear-acid,Clear Acid,Added,CLEAR ACID- 15 GAL,2215,199.99
clear-acid,Clear Acid,Added,CLEAR ACID- 30 GAL,2230,194.99
clear-acid,Clear Acid,Added,CLEAR ACID- 250 GAL,2255-T250,1241.99
vanish,Vanish,Added,VANISH- 16 OZ,1200-16,5.99
vanish,Vanish,Added,VANISH- 32 OZ,1200-32,8.99
vanish,Vanish,Added,VANISH- 30 GAL,1230,209.99
vanish,Vanish,Added,VANISH- 55 GAL,1255,295.99
weather-shield-tunnel-wash,Weather Shield,Added,WEATHER SHIELD- 15 GAL,32715,389.99
krazy-sudz,Krazy Suds,Added,KRAZY SUDS- 16 OZ,3000-16,6.99
krazy-sudz,Krazy Suds,Added,KRAZY SUDS- 32 OZ,3000-32,10.99
krazy-sudz,Krazy Suds,Added,KRAZY SUDS- 15 GAL,3015,159.99
krazy-sudz,Krazy Suds,Added,KRAZY SUDS- 30 GAL,3030,190.99
interior-shampoo,Interior Shampoo,Added,INTERIOR SHAMPOO- 16 OZ,1900-16,8.99
interior-shampoo,Interior Shampoo,Added,INTERIOR SHAMPOO- 32 OZ,1900-32,16.99
interior-shampoo,Interior Shampoo,Added,INTERIOR SHAMPOO- 55 GAL,1955,699.99
triple-foam-polish-tunnel-wash,Triple Foam Yellow,Added,TRIPLE FOAM YELLOW - 15 GAL,324415,399.99
triple-foam-polish-tunnel-wash,Triple Foam Yellow,Added,TRIPLE FOAM YELLOW - 55 GAL,324455,1099.99
fleet-wash,Fleet Wash,Added,FLEET WASH- 16 OZ,FLEETWASH-0016,7.99
fleet-wash,Fleet Wash,Added,FLEET WASH- 32 OZ,FLEETWASH-0032,11.99
fleet-wash,Fleet Wash,Added,FLEET WASH- 30 GAL,FLEETWASH-30,359.99
fleet-wash,Fleet Wash,Added,FLEET WASH- 55 GAL,FLEETWASH-55,499.99
prime-time,Prime Time,Added,PRIME TIME- 15 GAL,1015,185.99
prime-time,Prime Time,Added,PRIME TIME- 30 GAL,1030,336.99
prime-time,Prime Time,Added,PRIME TIME- 55 GAL,1055,469.99
prime-time,Prime Time,Added,PRIME TIME- 250 GAL,1055-T250,1899.99
prime-time,Prime Time,Added,PRIME TIME- 275 GAL,1055-T275,1999.99
sparkle,Sparkle,Added,SPARKLE- 16 OZ,2000-16,7.99
sparkle,Sparkle,Added,SPARKLE- 32 OZ,2000-32,12.99
sparkle,Sparkle,Added,SPARKLE- 30 GAL,2030,256.99
bleach,Bleach,Added,BLEACH- 250 GAL,9904250,592.99
bleach,Bleach,Added,BLEACH- 30 GAL,990430,150.99
bleach,Bleach,Added,BLEACH- 55 GAL,990455,204.99
citrus-solv,Citrus Solv,Added,CITRUS SOLV- 32OZ,5300-32,22.99
citrus-solv,Citrus Solv,Added,CITRUS SOLV- 5 GAL,5305,205.99
wash-n-gloss,Wash N Gloss,Added,WASH N GLOSS- 32 OZ,3100-32,12.99
wash-n-gloss,Wash N Gloss,Added,WASH N GLOSS- 15 GAL,3115,199.99
wash-n-gloss,Wash N Gloss,Added,WASH N GLOSS - 30 GAL,3130,255.99
wash-n-gloss,Wash N Gloss,Added,WASH N GLOSS - 55 GAL,3155,439.99
wash-n-gloss,Wash N Gloss,Added,WASH N GLOSS- 250 GAL,3155-T250,1799.99
glass-cleaner-concentrate,Glass Cleaner Concentrate Pink,Added,GLASS CLEANER CONCENTRATE PINK- 16 OZ,8100-16,9.99
glass-cleaner-concentrate,Glass Cleaner Concentrate Pink,Added,GLASS CLEANER CONCENTRATE PINK- 32 OZ,8100-32,14.99
glass-cleaner-concentrate,Glass Cleaner Concentrate Pink,Added,GLASS CLEANER CONCENTRATE PINK- 15 GAL,8115,143.99
glass-cleaner-concentrate,Glass Cleaner Concentrate Pink,Added,GLASS CLEANER CONCENTRATE PINK- 30 GAL,8130,259.99
glass-cleaner-concentrate,Glass Cleaner Concentrate Pink,Added,GLASS CLEANER CONCENTRATE PINK- 55 GAL,8155,477.99
hull-cleaner,Hull Cleaner,Added,HULL CLEANER- 1 GAL,2301,31.99
hull-cleaner,Hull Cleaner,Added,HULL CLEANER- 30 GAL,2330,298.99
hull-cleaner,Hull Cleaner,Added,HULL CLEANER- 55 GAL,2355,539.99
leather-vinyl-conditioner,Leather AND Vinyl Conditioner,Added,LEATHER AND VINYL CONDITIONER- 16 OZ,4500-16L,11.99
leather-vinyl-conditioner,Leather AND Vinyl Conditioner,Added,LEATHER AND VINYL CONDITIONER- 5 GAL,4505L,78.99
leather-vinyl-conditioner,Leather AND Vinyl Conditioner,Added,LEATHER AND VINYL CONDITIONER- 55 GAL,4555L,695.99
fast-wax,Fast WAX,Added,FAST WAX- 32 OZ,6132,23.99
protein-stain-remover,Protein Stain Remover,Added,PROTEIN STAIN REMOVER- 16 OZ,1600-16,8.99
protein-stain-remover,Protein Stain Remover,Added,PROTEIN STAIN REMOVER- 32 OZ,1600-32,16.99
tidal-wave,Tidal Wave,Added,TIDAL WAVE- 16 OZ,RCP-TW-0016,12.99
tidal-wave,Tidal Wave,Added,TIDAL WAVE- 32 OZ,RCP-TW-0032,18.99
tidal-wave,Tidal Wave,Added,TIDAL WAVE- 5 GAL,RCP-TW-05,79.99
tidal-wave,Tidal Wave,Added,TIDAL WAVE- 15 GAL,RCP-TW-15,225.99
tidal-wave,Tidal Wave,Added,TIDAL WAVE- 55 GAL,RCP-TW-55,599.99
miracle-cut,Miracle CUT,Added,MIRACLE CUT- 32 OZ,8232,20.99
blizzard,Blizzard,Added,BLIZZARD- 16 OZ,4300-16,13.99
blizzard,Blizzard,Added,BLIZZARD- 32 OZ,4300-32,21.99
blizzard,Blizzard,Added,BLIZZARD- 15 GAL,4315,449.99
blizzard,Blizzard,Added,BLIZZARD- 30 GAL,4330,699.99
blizzard,Blizzard,Added,BLIZZARD- 55 GAL,4355,1198.99
blizzard,Blizzard,Added,BLIZZARD- 250 GAL,4355-T250,4666.99
competition-finish,Competition Finish,Added,COMPETITION FINISH- 16 OZ,6700-16,7.99
competition-finish,Competition Finish,Added,COMPETITION FINISH- 32 OZ,6700-32,12.99
competition-finish,Competition Finish,Added,COMPETITION FINISH- 55 GAL,6755,388.99
glass-cleaner-rtu,Glass Cleaner RTU Pink,Added,GLASS CLEANER RTU PINK- 16 OZ,8000-16,7.99
glass-cleaner-rtu,Glass Cleaner RTU Pink,Added,GLASS CLEANER RTU PINK- 32 OZ,8000-32,11.99
glass-cleaner-rtu,Glass Cleaner RTU Pink,Added,GLASS CLEANER RTU PINK- 55 GAL,8055,156.99
blue-thunder,Blue Thunder,Added,BLUE THUNDER- 16 OZ,4100-16,14.99
blue-thunder,Blue Thunder,Added,BLUE THUNDER- 32 OZ,4100-32,22.99
blue-thunder,Blue Thunder,Added,BLUE THUNDER- 15 GAL,4115,499.99
blue-thunder,Blue Thunder,Added,BLUE THUNDER- 30 GAL,4130,949.99
blue-thunder,Blue Thunder,Added,BLUE THUNDER- 55 GAL,4155,1349.99
e-z-one,Ez-one Carnauba Spray WAX,Added,EZ-ONE CARNAUBA SPRAY WAX- 16 OZ,6900-16,8.99
e-z-one,Ez-one Carnauba Spray WAX,Added,EZ-ONE CARNAUBA SPRAY WAX- 32 OZ,6900-32,14.99
e-z-one,Ez-one Carnauba Spray WAX,Added,EZ-ONE CARNAUBA SPRAY WAX- 30 GAL,6930,417.99
e-z-one,Ez-one Carnauba Spray WAX,Added,EZ-ONE CARNAUBA SPRAY WAX- 55 GAL,6955,801.99
11-microfiber-bonnet,"11"" Microfiber Bonnet",Added,11' MICROFIBER BONNET,HT16MF,6.99
windshield-wash,Windshield Washer Fluid RTU,Added,WINDSHIELD WASHER FLUID RTU- 30 GAL,8330,85
sunshine-foaming-wax,Sunshine Protectant,Added,SUNSHINE PROTECTANT- 15 GAL,328015,254.99
sunshine-foaming-wax,Sunshine Protectant,Added,SUNSHINE PROTECTANT- 30 GAL,328030,485.99
sunshine-foaming-wax,Sunshine Protectant,Added,SUNSHINE PROTECTANT- 55 GAL,328055,742.99
power-kleen,Power Kleen,Added,POWER KLEEN- 16 OZ,1300-16,8.99
power-kleen,Power Kleen,Added,POWER KLEEN- 32 OZ,1300-32,11.99
power-kleen,Power Kleen,Added,POWER KLEEN- 15 GAL,1315,149.99
power-kleen,Power Kleen,Added,POWER KLEEN- 30 GAL,1330,139.99
power-kleen,Power Kleen,Added,POWER KLEEN - 55 GAL,1355,239.99
power-kleen,Power Kleen,Added,POWER KLEEN- 250 GAL,1355-T250,949.99
matte-detailer,Matte Detailer,Added,MATTE DETAILER- 16 OZ,MD-6900,10.99
kopperhead,Kopperhead,Added,KOPPERHEAD- 16 OZ,2100-16,7.99
kopperhead,Kopperhead,Added,KOPPERHEAD- 15 GAL,2115,215.99
kopperhead,Kopperhead,Added,KOPPERHEAD- 30 GAL,2130,245.99
kopperhead,Kopperhead,Added,KOPPERHEAD- 250 GAL,2155-T250,1385.99
citrus-punch,Citrus Punch,Added,CITRUS PUNCH- 16 OZ,1800-16,8.99
citrus-punch,Citrus Punch,Added,CITRUS PUNCH- 32 OZ,1800-32,16.99
citrus-punch,Citrus Punch,Added,CITRUS PUNCH- 30 GAL,1830,399.99
citrus-punch,Citrus Punch,Added,CITRUS PUNCH- 55 GAL,1855,655.99
premier-shine,Premier Shine,Added,PREMIER SHINE- 30 GAL,RCP-PS-30,549.99
premier-shine,Premier Shine,Added,PREMIER SHINE- 32 OZ,RCP-PS-0032,18.99
premier-shine,Premier Shine,Added,PREMIER SHINE- 55 GAL,RCP-PS-55,949.99
bumper-coat,Bumper Coat,Added,BUMPER COAT- 30 GAL,RCP-BC-30,1199.99
bumper-coat,Bumper Coat,Added,BUMPER COAT- 55 GAL,RCP-BC-55,2999.99
bumper-coat,Bumper Coat,Added,BUMPER COAT- 5 GAL,RCP-BC-05,210.99
bumper-coat,Bumper Coat,Added,BUMPER COAT- 16 OZ,RCP-BC-0016,19.99
texas-super-blue,Texas Super Blue,Added,TEXAS SUPER BLUE- 30 GAL,RCP-TSB-30,599.99
texas-super-blue,Texas Super Blue,Added,TEXAS SUPER BLUE- 250 GAL,RCP-TSB-55-T250,4600.99
texas-super-blue,Texas Super Blue,Added,TEXAS SUPER BLUE- 55 GAL,RCP-TSB-55,999.99
protect,Protect,Added,PROTECT - 30 GAL,32230,615.99
protect,Protect,Added,PROTECT - 55 GAL,32255,863.99
protect,Protect,Added,PROTECT - 5 GAL,32205,120.99
truck-wash,Truck Wash,Added,TRUCK WASH- 55 GAL,TRUCKWASH-55,525.99
truck-wash,Truck Wash,Added,TRUCK WASH- 32 OZ,TRUCKWASH-0032,12.99
truck-wash,Truck Wash,Added,TRUCK WASH- 16OZ,TRUCKWASH-0016,7.99
ceramic-boost,Ceramic Boost,Removed,16 ounces,RA1016,
ceramic-boost,Ceramic Boost,Removed,32 ounces,RA1032,
white-lightning,White Lightning,Removed,16oz,4216,
lacquer-thinner,Lacquer Thinner,Removed,5 Gallons,T1501,
hand-soap,Magic RCP Hand Soap 3.55l,Removed,3.5 L,2358832,
clear-acid,Clear Acid,Removed,16oz,2216,
oj-the-juice,"OJ ""The Juice""",Removed,16oz,4016,
oj-the-juice,"OJ ""The Juice""",Removed,32oz,4032,
wash-n-gloss,Wash N Gloss,Removed,32 ounces,R31320Z,
hull-cleaner,Hull Cleaner,Removed,16 ounces,cc2316,
hull-cleaner,Hull Cleaner,Removed,1 Gallon,cc2301,
kopperhead,Kopperhead,Removed,16oz,2116,
hydrocharge,Hydrocharge,Removed,16 ounces,RA2001-16,
protect,Protect,Removed,1 Gallon,64,
